<model>
  <bounds>
    <min>-4 -3 -1</min>
    <max>3 4 1</max>
  </bounds>
  <imports />
  <animations>
    <animation name="still">
      <frame duration="0">
        <block id="0" image="0" />
        <block id="1" image="1" />
        <block id="2" image="2" />
        <block id="3" image="3" />
        <block id="4" image="4" />
        <block id="5" image="5" />
        <block id="6" image="6" />
        <block id="7" image="7" />
        <block id="8" image="8" />
        <block id="9" image="9" />
        <block id="10" image="10" />
        <block id="11" image="11" />
        <block id="12" image="12" />
        <block id="13" image="13" />
        <block id="14" image="14" />
        <block id="15" image="15" />
        <block id="16" image="16" />
        <block id="17" image="17" />
        <block id="18" image="18" />
        <block id="19" image="19" />
        <block id="20" image="20" />
        <block id="21" image="21" />
        <block id="22" image="22" />
        <block id="23" image="23" />
        <block id="24" image="24" />
        <block id="25" image="25" />
        <block id="26" image="26" />
        <block id="27" image="27" />
        <block id="28" image="28" />
        <block id="29" image="29" />
        <block id="30" image="30" />
        <block id="31" image="31" />
        <block id="32" image="32" />
        <block id="33" image="33" />
        <block id="34" image="34" />
        <block id="35" image="35" />
        <block id="36" image="36" />
        <block id="37" image="37" />
        <block id="38" image="38" />
        <block id="39" image="39" />
        <block id="40" image="40" />
        <block id="41" image="41" />
        <block id="42" image="42" />
        <block id="43" image="43" />
        <block id="44" image="44" />
        <block id="45" image="45" />
        <block id="46" image="46" />
        <block id="47" image="47" />
        <block id="48" image="48" />
      </frame>
    </animation>
  </animations>
  <blocks>
    <block id="0" offset="0 0 0" type="1" />
    <block id="1" offset="-1 0 0" type="1" />
    <block id="2" offset="0 -1 0" type="1" />
    <block id="3" offset="1 0 0" type="1" />
    <block id="4" offset="0 1 0" type="1" />
    <block id="5" offset="-1 2 0" type="1" />
    <block id="6" offset="-2 1 0" type="1" />
    <block id="7" offset="-2 -1 0" type="1" />
    <block id="8" offset="-1 -2 0" type="1" />
    <block id="9" offset="1 -2 0" type="1" />
    <block id="10" offset="2 -1 0" type="1" />
    <block id="11" offset="2 1 0" type="1" />
    <block id="12" offset="1 2 0" type="1" />
    <block id="13" offset="0 2 0" type="1" />
    <block id="14" offset="-2 0 0" type="1" />
    <block id="15" offset="0 -2 0" type="1" />
    <block id="16" offset="2 0 0" type="1" />
    <block id="17" offset="-1 -1 0" type="1" />
    <block id="18" offset="-1 1 0" type="1" />
    <block id="19" offset="1 1 0" type="1" />
    <block id="20" offset="1 -1 0" type="1" />
    <block id="21" offset="2 -2 0" type="1" />
    <block id="22" offset="2 2 0" type="1" />
    <block id="23" offset="-2 2 0" type="1" />
    <block id="24" offset="-2 -2 0" type="1" />
    <block id="25" offset="-3 -2 0" type="1" />
    <block id="26" offset="-2 -3 0" type="1" />
    <block id="27" offset="-3 -3 0" type="1" />
    <block id="28" offset="-1 -1 1" type="1" />
    <block id="29" offset="-1 0 1" type="1" />
    <block id="30" offset="0 1 1" type="1" />
    <block id="31" offset="-1 1 1" type="1" />
    <block id="32" offset="1 1 1" type="1" />
    <block id="33" offset="-2 3 0" type="1" />
    <block id="34" offset="-3 3 0" type="1" />
    <block id="35" offset="-3 2 0" type="1" />
    <block id="36" offset="2 3 0" type="1" />
    <block id="37" offset="3 3 0" type="1" />
    <block id="38" offset="3 2 0" type="1" />
    <block id="39" offset="3 -2 0" type="1" />
    <block id="40" offset="3 -3 0" type="1" />
    <block id="41" offset="2 -3 0" type="1" />
    <block id="42" offset="1 3 0" type="1" />
    <block id="43" offset="3 1 0" type="1" />
    <block id="44" offset="0 3 0" type="1" />
    <block id="45" offset="-1 3 0" type="1" />
    <block id="46" offset="-4 4 -1" type="1" />
    <block id="47" offset="-3 4 -1" type="1" />
    <block id="48" offset="-4 3 -1" type="1" />
  </blocks>
</model>